contact_email,first_name,last_name,company,lifecycle_stage,deal_value,last_activity_days,email_opens_30d,meetings_booked,owner
linda.wilson73@fastmail.com,Linda,Wilson,"Mesa Inc",customer,10333,38,5,1,Anna Davis
steven.thompson60@outlook.com,Steven,Thompson,"Nova HQ",customer,14268,30,3,1,James Wu
mary.jackson78@outlook.com,Mary,Jackson,"Kite Labs",customer,744,239,0,0,Mike Ross
lisa.smith99@outlook.com,Lisa,Smith,"Wave Labs",opportunity,4246,172,2,0,James Wu
steven.moore32@gmail.com,Steven,Moore,"Iron Co",customer,7044,8,9,1,Anna Davis
susan.miller69@fastmail.com,Susan,Miller,"Acme Co",customer,2775,172,0,0,Mike Ross
george.flores30@fastmail.com,George,Flores,"Nova Systems",sql,1556,6,9,2,Mike Ross
robert.harris12@outlook.com,Robert,Harris,"Yoke Group",customer,2787,75,1,0,Anna Davis
steven.walker38@gmail.com,Steven,Walker,"Grid Corp",customer,1816,229,0,0,Lisa Park
james.flores1@company.co,James,Flores,"Tide Digital",customer,8234,18,4,2,Mike Ross
jessica.lewis71@company.co,Jessica,Lewis,"Sage Labs",customer,11388,26,6,2,Sarah Chen
william.garcia67@fastmail.com,William,Garcia,"Iron Corp",customer,71719,6,15,5,Anna Davis
betty.sanchez94@fastmail.com,Betty,Sanchez,"Xero HQ",lead,1855,8,6,3,Anna Davis
steven.young47@outlook.com,Steven,Young,"Opal Group",customer,1953,309,0,0,Mike Ross
deborah.harris80@proton.me,Deborah,Harris,"Edge Co",customer,8197,13,11,1,Anna Davis
betty.rodriguez83@outlook.com,Betty,Rodriguez,"Volt Systems",customer,8664,9,9,3,Mike Ross
kenneth.white53@gmail.com,Kenneth,White,"Peak Systems",customer,55553,9,16,3,Anna Davis
richard.sanchez35@company.co,Richard,Sanchez,"Xero Corp",customer,2431,163,0,0,Mike Ross
linda.johnson15@outlook.com,Linda,Johnson,"Yoke Digital",customer,7115,124,1,0,Mike Ross
lisa.miller69@gmail.com,Lisa,Miller,"Halo Labs",customer,63800,2,12,6,Mike Ross
christopher.jones89@gmail.com,Christopher,Jones,"Volt Corp",customer,6963,104,0,0,Anna Davis
margaret.hernandez51@company.co,Margaret,Hernandez,"Opal Digital",customer,2736,41,5,1,Anna Davis
barbara.williams96@proton.me,Barbara,Williams,"Zinc AI",customer,12131,25,3,1,Anna Davis
donna.taylor67@company.co,Donna,Taylor,"Nova Co",customer,8665,16,8,1,Lisa Park
james.wilson12@company.co,James,Wilson,"Edge Co",customer,9191,109,2,0,Anna Davis
emily.brown53@outlook.com,Emily,Brown,"Grid Tech",customer,21614,14,6,3,Lisa Park
john.johnson23@outlook.com,John,Johnson,"Jade Systems",customer,4459,36,2,0,Lisa Park
lisa.scott1@proton.me,Lisa,Scott,"Flux Co",sql,4455,6,8,1,Anna Davis
susan.davis34@gmail.com,Susan,Davis,"Yoke HQ",sql,1414,12,9,1,Mike Ross
william.miller10@company.co,William,Miller,"Halo AI",sql,4353,11,9,2,Anna Davis
paul.lewis59@gmail.com,Paul,Lewis,"Xero HQ",customer,66896,4,9,3,James Wu
steven.garcia65@outlook.com,Steven,Garcia,"Drift Tech",customer,86383,14,18,5,Anna Davis
george.wright93@outlook.com,George,Wright,"Flux Digital",sql,3713,7,10,1,Sarah Chen
john.scott93@proton.me,John,Scott,"Tide Corp",customer,8514,73,2,0,Mike Ross
matthew.robinson30@proton.me,Matthew,Robinson,"Halo Labs",customer,9314,216,2,0,Anna Davis
dorothy.scott30@outlook.com,Dorothy,Scott,"Wave Labs",customer,35306,13,15,2,Anna Davis
christopher.harris56@outlook.com,Christopher,Harris,"Halo HQ",customer,97698,3,12,5,Lisa Park
paul.lopez40@fastmail.com,Paul,Lopez,"Edge Digital",customer,4006,25,2,2,Sarah Chen
elizabeth.miller32@proton.me,Elizabeth,Miller,"Rift Corp",customer,77127,2,8,2,Anna Davis
kimberly.wilson9@proton.me,Kimberly,Wilson,"Mesa Digital",customer,3751,173,2,0,James Wu
andrew.moore86@gmail.com,Andrew,Moore,"Mesa Co",customer,2635,154,0,0,Anna Davis
margaret.garcia53@fastmail.com,Margaret,Garcia,"Rift Inc",customer,9411,86,2,0,James Wu
jennifer.scott84@gmail.com,Jennifer,Scott,"Grid Corp",customer,49813,6,9,3,Anna Davis
mary.moore67@fastmail.com,Mary,Moore,"Peak Systems",customer,3291,30,6,1,Sarah Chen
brian.torres84@fastmail.com,Brian,Torres,"Halo Group",customer,9328,96,2,0,Sarah Chen
melissa.lewis31@fastmail.com,Melissa,Lewis,"Edge AI",customer,17783,15,11,1,Mike Ross
timothy.thomas69@company.co,Timothy,Thomas,"Iron HQ",customer,72134,11,14,2,Mike Ross
andrew.scott21@outlook.com,Andrew,Scott,"Unit Group",customer,19305,6,12,1,Lisa Park
ashley.harris37@fastmail.com,Ashley,Harris,"Sage Labs",customer,3040,32,4,2,Sarah Chen
betty.miller96@fastmail.com,Betty,Miller,"Sage Co",customer,6306,38,3,1,Mike Ross
brian.moore16@fastmail.com,Brian,Moore,"Crest AI",customer,19325,12,9,1,Sarah Chen
paul.ramirez40@gmail.com,Paul,Ramirez,"Rift Inc",customer,5494,25,6,1,James Wu
betty.young79@proton.me,Betty,Young,"Sage HQ",customer,67000,14,9,2,Lisa Park
deborah.gonzalez47@outlook.com,Deborah,Gonzalez,"Kite Labs",customer,3798,186,1,0,Mike Ross
brian.davis40@proton.me,Brian,Davis,"Mesa Systems",customer,10213,16,4,2,Anna Davis
christopher.nguyen61@fastmail.com,Christopher,Nguyen,"Xero Group",sql,3585,3,10,3,Lisa Park
donald.nguyen76@proton.me,Donald,Nguyen,"Acme Group",customer,24089,9,11,2,Anna Davis
patricia.perez7@company.co,Patricia,Perez,"Edge Systems",customer,9255,222,2,0,Lisa Park
dorothy.ramirez80@outlook.com,Dorothy,Ramirez,"Nova Digital",customer,4528,32,3,0,Anna Davis
paul.clark8@proton.me,Paul,Clark,"Yoke Tech",customer,7782,113,1,0,Lisa Park
lisa.ramirez85@outlook.com,Lisa,Ramirez,"Acme AI",mql,2233,7,4,2,Sarah Chen
dorothy.lewis42@fastmail.com,Dorothy,Lewis,"Jade Group",customer,598,281,0,0,James Wu
andrew.jackson57@proton.me,Andrew,Jackson,"Peak Labs",customer,7771,212,1,0,James Wu
lisa.scott96@gmail.com,Lisa,Scott,"Grid Inc",customer,50075,8,17,5,Sarah Chen
barbara.brown52@company.co,Barbara,Brown,"Edge AI",opportunity,4118,215,2,0,Lisa Park
joseph.lewis69@fastmail.com,Joseph,Lewis,"Quad Corp",customer,12537,7,8,0,James Wu
steven.jackson73@gmail.com,Steven,Jackson,"Peak Systems",customer,8481,164,2,0,Mike Ross
matthew.brown29@fastmail.com,Matthew,Brown,"Wave Group",customer,12835,11,7,2,James Wu
william.white33@outlook.com,William,White,"Mesa Tech",customer,13315,29,3,2,James Wu
steven.ramirez75@company.co,Steven,Ramirez,"Opal Corp",customer,17811,20,5,3,Sarah Chen
charles.jones93@company.co,Charles,Jones,"Nova Co",customer,14079,36,5,0,Anna Davis
christopher.johnson2@gmail.com,Christopher,Johnson,"Wave Systems",mql,2022,8,6,2,Lisa Park
robert.lee25@outlook.com,Robert,Lee,"Kite AI",customer,7941,21,8,1,Anna Davis
steven.lewis17@proton.me,Steven,Lewis,"Nova HQ",customer,29654,9,4,1,Mike Ross
sandra.perez89@proton.me,Sandra,Perez,"Halo Group",customer,46781,1,10,4,Sarah Chen
donna.martinez87@fastmail.com,Donna,Martinez,"Rift Group",customer,13533,3,11,3,Anna Davis
david.scott68@proton.me,David,Scott,"Grid Systems",mql,4998,14,3,3,Anna Davis
david.walker66@proton.me,David,Walker,"Zinc Co",sql,1741,2,6,3,Anna Davis
ashley.williams85@gmail.com,Ashley,Williams,"Peak Digital",customer,6943,44,8,0,Mike Ross
andrew.rodriguez40@outlook.com,Andrew,Rodriguez,"Rift Labs",mql,706,13,5,1,James Wu
melissa.thompson66@fastmail.com,Melissa,Thompson,"Luna Systems",customer,14218,30,2,0,Lisa Park
linda.taylor11@outlook.com,Linda,Taylor,"Nova AI",customer,21090,19,11,2,Mike Ross
james.ramirez72@gmail.com,James,Ramirez,"Xero HQ",customer,7360,252,1,0,Mike Ross
mark.johnson79@outlook.com,Mark,Johnson,"Edge Labs",customer,1278,246,2,0,Sarah Chen
mark.brown50@company.co,Mark,Brown,"Nova Corp",mql,1834,12,4,1,Lisa Park
robert.hill25@proton.me,Robert,Hill,"Mesa Digital",customer,24024,9,6,2,Lisa Park
ashley.ramirez93@company.co,Ashley,Ramirez,"Edge Corp",customer,15021,12,4,2,Mike Ross
jessica.smith58@fastmail.com,Jessica,Smith,"Drift AI",customer,1123,131,0,0,James Wu
steven.jones66@outlook.com,Steven,Jones,"Zinc Group",customer,11582,20,7,1,Lisa Park
charles.davis33@gmail.com,Charles,Davis,"Unit AI",customer,7463,245,0,0,James Wu
christopher.miller28@outlook.com,Christopher,Miller,"Volt Labs",customer,6900,23,2,0,Sarah Chen
kevin.ramirez28@company.co,Kevin,Ramirez,"Acme Digital",customer,2701,276,0,0,Anna Davis
kenneth.scott46@proton.me,Kenneth,Scott,"Iron Group",mql,1883,11,8,1,James Wu
joseph.williams1@outlook.com,Joseph,Williams,"Yoke Tech",customer,1823,301,0,0,James Wu
susan.white76@proton.me,Susan,White,"Rift Systems",customer,61986,1,19,6,Lisa Park
ashley.gonzalez64@outlook.com,Ashley,Gonzalez,"Acme AI",customer,1174,295,0,0,Anna Davis
sandra.taylor32@outlook.com,Sandra,Taylor,"Drift Digital",opportunity,2987,155,2,0,James Wu
brian.gonzalez14@fastmail.com,Brian,Gonzalez,"Iron Corp",customer,2562,322,0,0,Anna Davis
kenneth.rodriguez63@outlook.com,Kenneth,Rodriguez,"Wave Co",customer,12491,16,3,0,Lisa Park
joshua.allen54@company.co,Joshua,Allen,"Mesa Corp",customer,2198,308,0,0,Sarah Chen
sarah.lopez16@company.co,Sarah,Lopez,"Yoke HQ",customer,2450,44,7,1,Sarah Chen
kenneth.torres58@outlook.com,Kenneth,Torres,"Drift Inc",customer,18895,10,4,3,Anna Davis
dorothy.moore37@company.co,Dorothy,Moore,"Flux Tech",opportunity,6463,64,2,0,Sarah Chen
jennifer.walker43@outlook.com,Jennifer,Walker,"Halo Inc",customer,1555,321,0,0,Lisa Park
carol.davis20@gmail.com,Carol,Davis,"Nova HQ",customer,2503,118,2,0,Lisa Park
david.martin80@fastmail.com,David,Martin,"Flux Inc",customer,29383,18,9,2,James Wu
susan.flores69@fastmail.com,Susan,Flores,"Drift HQ",customer,5453,4,4,3,Mike Ross
joseph.williams43@gmail.com,Joseph,Williams,"Iron HQ",mql,4149,6,9,2,Lisa Park
karen.davis9@gmail.com,Karen,Davis,"Jade Corp",customer,96188,1,17,3,Mike Ross
james.anderson37@fastmail.com,James,Anderson,"Tide AI",opportunity,9771,181,0,0,Lisa Park
elizabeth.nguyen58@outlook.com,Elizabeth,Nguyen,"Iron Systems",sql,3639,1,7,1,Anna Davis
ashley.flores39@fastmail.com,Ashley,Flores,"Drift Digital",mql,1280,1,7,1,Sarah Chen
ashley.smith38@gmail.com,Ashley,Smith,"Halo Corp",customer,7853,28,3,1,James Wu
betty.lee32@gmail.com,Betty,Lee,"Zinc AI",customer,41832,8,9,4,Anna Davis
kenneth.allen42@fastmail.com,Kenneth,Allen,"Unit Systems",customer,10419,29,3,1,Lisa Park
michael.walker75@gmail.com,Michael,Walker,"Tide HQ",customer,22818,19,7,3,James Wu
betty.walker29@gmail.com,Betty,Walker,"Wave AI",customer,90686,4,14,5,James Wu
karen.sanchez76@company.co,Karen,Sanchez,"Tide Group",customer,31026,8,19,4,Sarah Chen
amanda.moore56@outlook.com,Amanda,Moore,"Crest AI",customer,9767,12,3,1,Anna Davis
carol.flores8@fastmail.com,Carol,Flores,"Bolt HQ",customer,13355,3,9,1,Anna Davis
brian.johnson88@outlook.com,Brian,Johnson,"Peak Co",customer,12994,16,2,2,Mike Ross
andrew.garcia75@outlook.com,Andrew,Garcia,"Wave Digital",customer,2875,223,0,0,Lisa Park
emily.lee7@proton.me,Emily,Lee,"Opal Tech",customer,867,275,0,0,Anna Davis
george.harris34@gmail.com,George,Harris,"Edge Labs",mql,2185,5,9,1,Mike Ross
deborah.clark70@gmail.com,Deborah,Clark,"Quad Digital",customer,4994,25,2,2,James Wu
kimberly.rodriguez51@outlook.com,Kimberly,Rodriguez,"Jade Corp",sql,4850,12,3,2,Mike Ross
jennifer.jones35@proton.me,Jennifer,Jones,"Unit AI",lead,4773,10,4,3,Lisa Park
michael.thompson78@proton.me,Michael,Thompson,"Jade Inc",customer,16753,11,12,1,Sarah Chen
emily.clark5@fastmail.com,Emily,Clark,"Quad Tech",customer,6181,35,4,2,Lisa Park
paul.martinez3@fastmail.com,Paul,Martinez,"Zinc Corp",mql,3007,4,4,2,Anna Davis
linda.young9@proton.me,Linda,Young,"Edge Inc",customer,88157,5,15,5,Sarah Chen
linda.davis78@fastmail.com,Linda,Davis,"Unit Corp",customer,13133,43,5,2,Mike Ross
margaret.jackson6@fastmail.com,Margaret,Jackson,"Yoke Digital",customer,54499,3,14,6,Anna Davis
melissa.sanchez48@gmail.com,Melissa,Sanchez,"Rift Co",customer,747,259,0,0,Lisa Park
thomas.thomas29@outlook.com,Thomas,Thomas,"Unit Tech",customer,5537,3,7,2,Anna Davis
jessica.wright59@gmail.com,Jessica,Wright,"Flux Inc",customer,1519,256,0,0,James Wu
emily.williams51@proton.me,Emily,Williams,"Luna Systems",mql,3120,1,5,2,Sarah Chen
paul.ramirez14@outlook.com,Paul,Ramirez,"Edge Digital",customer,7407,181,2,0,Sarah Chen
linda.walker46@fastmail.com,Linda,Walker,"Quad Inc",opportunity,9157,83,1,0,Lisa Park
margaret.garcia33@fastmail.com,Margaret,Garcia,"Iron Labs",customer,22252,10,20,6,Sarah Chen
lisa.wright13@outlook.com,Lisa,Wright,"Edge Group",mql,809,0,7,1,Lisa Park
andrew.young12@fastmail.com,Andrew,Young,"Unit AI",customer,19841,19,9,1,Mike Ross
george.johnson96@proton.me,George,Johnson,"Grid Group",customer,15395,6,12,3,James Wu
margaret.hernandez58@proton.me,Margaret,Hernandez,"Bolt Labs",customer,1843,218,0,0,Lisa Park
elizabeth.gonzalez70@company.co,Elizabeth,Gonzalez,"Sage Inc",lead,4421,7,9,3,Lisa Park
mark.thomas44@gmail.com,Mark,Thomas,"Luna AI",customer,8668,18,7,1,Anna Davis
robert.jackson86@proton.me,Robert,Jackson,"Drift Systems",customer,9834,18,6,1,Lisa Park
william.williams4@proton.me,William,Williams,"Halo Tech",customer,1397,178,0,0,Anna Davis
charles.lopez12@company.co,Charles,Lopez,"Nova Co",customer,14170,7,3,0,Sarah Chen
george.hernandez25@fastmail.com,George,Hernandez,"Sage Systems",customer,14543,9,12,2,Lisa Park
mary.moore38@gmail.com,Mary,Moore,"Edge Co",customer,7525,9,4,0,Anna Davis
margaret.taylor38@company.co,Margaret,Taylor,"Grid Corp",customer,67859,7,9,5,Lisa Park
karen.hill35@gmail.com,Karen,Hill,"Peak Digital",customer,8084,20,7,3,Sarah Chen
amanda.martin54@gmail.com,Amanda,Martin,"Kite AI",customer,11368,25,4,0,Anna Davis
christopher.garcia13@proton.me,Christopher,Garcia,"Tide Tech",lead,4897,13,5,3,Sarah Chen
matthew.davis74@proton.me,Matthew,Davis,"Opal Systems",customer,2867,290,0,0,James Wu
paul.hill11@company.co,Paul,Hill,"Sage Digital",customer,7936,5,10,2,Mike Ross
anthony.sanchez10@gmail.com,Anthony,Sanchez,"Mesa Corp",opportunity,9003,97,2,0,Lisa Park
george.thomas92@outlook.com,George,Thomas,"Unit Corp",customer,1823,364,0,0,Anna Davis
william.rodriguez14@outlook.com,William,Rodriguez,"Drift HQ",opportunity,6062,71,0,0,Sarah Chen
sarah.perez33@outlook.com,Sarah,Perez,"Peak Labs",customer,9957,20,5,2,Anna Davis
george.martin47@outlook.com,George,Martin,"Jade HQ",customer,26856,7,12,5,Mike Ross
margaret.gonzalez7@gmail.com,Margaret,Gonzalez,"Peak Digital",customer,936,93,0,0,Anna Davis
steven.nguyen30@company.co,Steven,Nguyen,"Yoke Co",sql,2556,4,9,2,Lisa Park
jessica.lewis56@outlook.com,Jessica,Lewis,"Unit Digital",customer,823,189,0,0,Anna Davis
michael.lopez5@proton.me,Michael,Lopez,"Zinc Tech",customer,1249,276,0,0,Mike Ross
mark.sanchez2@fastmail.com,Mark,Sanchez,"Tide Labs",customer,2970,196,0,0,James Wu
joshua.torres60@fastmail.com,Joshua,Torres,"Peak Systems",customer,14254,36,4,1,Anna Davis
linda.white49@gmail.com,Linda,White,"Crest Group",opportunity,9830,279,0,0,Sarah Chen
joseph.thompson83@proton.me,Joseph,Thompson,"Volt Systems",customer,2488,13,2,0,Lisa Park
kevin.robinson83@gmail.com,Kevin,Robinson,"Tide Systems",customer,87249,4,11,4,Mike Ross
karen.clark38@proton.me,Karen,Clark,"Bolt Group",customer,4348,8,8,2,Sarah Chen
amanda.davis65@proton.me,Amanda,Davis,"Volt AI",customer,13437,8,5,2,Anna Davis
jennifer.williams21@company.co,Jennifer,Williams,"Iron Digital",customer,2750,192,0,0,James Wu
sandra.taylor5@proton.me,Sandra,Taylor,"Grid Digital",customer,7531,6,8,2,Mike Ross
timothy.ramirez39@proton.me,Timothy,Ramirez,"Xero HQ",customer,2284,275,2,0,James Wu
christopher.miller11@outlook.com,Christopher,Miller,"Peak Inc",customer,3114,195,0,0,James Wu
matthew.gonzalez83@outlook.com,Matthew,Gonzalez,"Rift Group",customer,1501,295,0,0,James Wu
brian.ramirez18@proton.me,Brian,Ramirez,"Drift Digital",opportunity,7147,192,0,0,James Wu
donna.king64@outlook.com,Donna,King,"Xero Corp",customer,92711,1,18,3,Sarah Chen
dorothy.perez83@gmail.com,Dorothy,Perez,"Tide HQ",customer,6747,8,11,2,Lisa Park
steven.martin13@gmail.com,Steven,Martin,"Halo Digital",customer,24715,18,9,3,James Wu
ashley.thompson92@proton.me,Ashley,Thompson,"Unit Digital",customer,20825,13,18,6,Anna Davis
michelle.king82@fastmail.com,Michelle,King,"Tide Labs",customer,8527,8,8,0,Mike Ross
melissa.scott15@gmail.com,Melissa,Scott,"Opal Inc",customer,13243,16,6,1,Lisa Park
mary.king78@company.co,Mary,King,"Acme HQ",customer,81307,3,20,2,Lisa Park
melissa.garcia73@outlook.com,Melissa,Garcia,"Halo Digital",customer,11150,15,12,2,Sarah Chen
ashley.robinson27@outlook.com,Ashley,Robinson,"Sage Labs",lead,568,1,4,3,Sarah Chen
carol.wilson1@proton.me,Carol,Wilson,"Opal Group",customer,1543,365,0,0,Mike Ross
richard.martinez32@proton.me,Richard,Martinez,"Drift HQ",lead,4880,3,8,2,James Wu
carol.wilson56@company.co,Carol,Wilson,"Tide Group",customer,11016,11,6,2,Mike Ross
carol.martinez5@outlook.com,Carol,Martinez,"Luna Inc",customer,14599,13,12,1,James Wu
paul.perez87@fastmail.com,Paul,Perez,"Mesa Co",customer,1431,241,0,0,Anna Davis
joshua.williams95@fastmail.com,Joshua,Williams,"Volt Labs",customer,12906,38,7,1,Anna Davis
karen.perez23@proton.me,Karen,Perez,"Drift Corp",customer,33574,1,19,5,Mike Ross
donald.anderson78@gmail.com,Donald,Anderson,"Yoke Tech",customer,9927,17,6,1,Anna Davis
sandra.martin51@company.co,Sandra,Martin,"Nova Group",customer,2872,12,8,1,Mike Ross
karen.king91@proton.me,Karen,King,"Peak Co",customer,50488,5,12,2,Mike Ross
donald.young51@company.co,Donald,Young,"Sage Group",customer,1007,322,0,0,Lisa Park
george.hernandez7@proton.me,George,Hernandez,"Mesa AI",customer,14886,8,3,0,Anna Davis
lisa.smith42@proton.me,Lisa,Smith,"Flux Digital",customer,2108,142,0,0,Mike Ross
carol.wilson62@fastmail.com,Carol,Wilson,"Xero AI",customer,85736,12,17,5,Mike Ross
linda.young41@gmail.com,Linda,Young,"Volt Systems",customer,2088,150,0,0,Anna Davis
andrew.wright33@outlook.com,Andrew,Wright,"Iron Inc",mql,2627,7,9,1,Anna Davis
melissa.gonzalez66@company.co,Melissa,Gonzalez,"Flux Inc",customer,4562,133,2,0,Mike Ross
michelle.walker13@company.co,Michelle,Walker,"Edge Systems",customer,7835,36,2,2,James Wu
george.gonzalez65@fastmail.com,George,Gonzalez,"Drift HQ",customer,92965,11,8,4,Mike Ross
andrew.king67@fastmail.com,Andrew,King,"Luna HQ",opportunity,6277,69,1,0,Anna Davis
barbara.rodriguez82@company.co,Barbara,Rodriguez,"Grid Labs",customer,27226,3,17,4,Anna Davis
william.garcia94@proton.me,William,Garcia,"Edge HQ",customer,6688,6,11,3,James Wu
linda.white48@gmail.com,Linda,White,"Sage Digital",customer,12025,14,3,0,Anna Davis
sarah.young89@fastmail.com,Sarah,Young,"Halo Labs",customer,54450,5,9,3,Anna Davis
kimberly.wilson49@gmail.com,Kimberly,Wilson,"Flux Systems",customer,4999,38,7,2,Anna Davis
melissa.williams35@outlook.com,Melissa,Williams,"Kite Systems",customer,2990,160,0,0,Lisa Park
joshua.harris96@outlook.com,Joshua,Harris,"Mesa Group",customer,14213,26,7,2,Sarah Chen
robert.moore19@company.co,Robert,Moore,"Nova Digital",opportunity,3579,205,0,0,James Wu
karen.hill74@gmail.com,Karen,Hill,"Crest Tech",customer,93910,4,20,5,Anna Davis
daniel.hernandez71@gmail.com,Daniel,Hernandez,"Rift HQ",customer,22996,20,12,3,Anna Davis
donald.clark74@fastmail.com,Donald,Clark,"Flux Tech",mql,2691,6,3,3,Mike Ross
daniel.hernandez29@outlook.com,Daniel,Hernandez,"Iron HQ",customer,1168,198,1,0,Mike Ross
melissa.perez27@company.co,Melissa,Perez,"Zinc Systems",customer,1635,278,0,0,Lisa Park
melissa.perez39@fastmail.com,Melissa,Perez,"Acme Labs",opportunity,7989,82,2,0,James Wu
barbara.garcia25@outlook.com,Barbara,Garcia,"Rift AI",customer,4853,24,5,0,Sarah Chen
christopher.young4@company.co,Christopher,Young,"Edge Tech",lead,4550,10,7,3,James Wu
ashley.jackson8@proton.me,Ashley,Jackson,"Peak Digital",customer,3168,31,5,0,Lisa Park
margaret.jackson54@company.co,Margaret,Jackson,"Zinc Corp",customer,2427,137,0,0,Mike Ross
mark.martinez23@proton.me,Mark,Martinez,"Opal Digital",sql,2478,10,7,3,Lisa Park
linda.gonzalez67@company.co,Linda,Gonzalez,"Wave Systems",customer,5277,237,1,0,James Wu
emily.flores39@company.co,Emily,Flores,"Acme Inc",customer,20882,18,11,2,Anna Davis
richard.jackson44@gmail.com,Richard,Jackson,"Luna Corp",customer,1030,200,0,0,Mike Ross
jennifer.jones42@fastmail.com,Jennifer,Jones,"Crest Digital",customer,6470,143,0,0,Sarah Chen
robert.smith58@outlook.com,Robert,Smith,"Rift Tech",customer,8027,103,2,0,James Wu
william.king87@proton.me,William,King,"Opal Inc",customer,12098,20,8,1,Sarah Chen
charles.moore74@outlook.com,Charles,Moore,"Iron Systems",opportunity,2205,120,2,0,James Wu
jennifer.king99@gmail.com,Jennifer,King,"Jade AI",customer,9330,44,6,0,James Wu
linda.hill90@outlook.com,Linda,Hill,"Bolt HQ",customer,3265,42,5,1,Mike Ross
anthony.robinson50@gmail.com,Anthony,Robinson,"Xero AI",customer,1592,314,0,0,Lisa Park
george.lewis91@proton.me,George,Lewis,"Zinc Group",customer,9665,16,7,2,Sarah Chen
christopher.hernandez17@gmail.com,Christopher,Hernandez,"Jade Systems",customer,4099,126,2,0,Mike Ross
steven.garcia29@fastmail.com,Steven,Garcia,"Flux Group",lead,1392,14,8,1,Lisa Park
elizabeth.sanchez7@gmail.com,Elizabeth,Sanchez,"Edge Tech",customer,1094,321,0,0,Anna Davis
carol.harris25@fastmail.com,Carol,Harris,"Quad Labs",customer,14914,18,12,3,Mike Ross
james.clark81@gmail.com,James,Clark,"Opal Co",customer,24536,5,8,6,James Wu
matthew.wright89@outlook.com,Matthew,Wright,"Nova Inc",customer,574,347,0,0,Sarah Chen
daniel.garcia7@gmail.com,Daniel,Garcia,"Yoke Labs",customer,45279,12,13,6,Sarah Chen
richard.taylor1@fastmail.com,Richard,Taylor,"Flux Corp",customer,14740,26,3,2,Sarah Chen
thomas.young91@proton.me,Thomas,Young,"Yoke Tech",opportunity,3785,240,0,0,Sarah Chen
charles.flores47@company.co,Charles,Flores,"Wave HQ",sql,1945,5,4,1,James Wu
robert.hernandez65@gmail.com,Robert,Hernandez,"Luna Group",customer,11633,20,6,3,James Wu
mary.allen82@proton.me,Mary,Allen,"Acme Tech",opportunity,3161,116,0,0,James Wu
elizabeth.davis7@gmail.com,Elizabeth,Davis,"Yoke AI",customer,1109,211,0,0,Anna Davis
john.thompson48@gmail.com,John,Thompson,"Opal Tech",customer,62622,3,10,3,James Wu
kimberly.clark85@company.co,Kimberly,Clark,"Kite Co",customer,33275,9,17,4,Sarah Chen
joshua.sanchez80@outlook.com,Joshua,Sanchez,"Zinc Group",customer,4902,15,8,0,Lisa Park
joshua.clark28@proton.me,Joshua,Clark,"Bolt Inc",customer,13864,21,5,2,Anna Davis
christopher.jones68@company.co,Christopher,Jones,"Volt Digital",sql,3896,11,7,1,James Wu
paul.hernandez58@outlook.com,Paul,Hernandez,"Flux Inc",customer,7505,123,2,0,Lisa Park
joshua.walker13@company.co,Joshua,Walker,"Luna Inc",customer,20986,4,11,1,Anna Davis
john.miller1@company.co,John,Miller,"Drift Digital",mql,4005,7,7,2,Lisa Park
margaret.clark84@company.co,Margaret,Clark,"Yoke Systems",opportunity,9765,147,0,0,Mike Ross
betty.young4@proton.me,Betty,Young,"Nova Digital",customer,2582,193,0,0,Mike Ross
ashley.lee3@proton.me,Ashley,Lee,"Nova Labs",customer,25444,6,11,2,Mike Ross
mark.hernandez41@outlook.com,Mark,Hernandez,"Bolt Inc",lead,3586,10,5,1,James Wu
steven.smith70@company.co,Steven,Smith,"Halo Corp",customer,7666,34,2,0,Sarah Chen
kimberly.white49@proton.me,Kimberly,White,"Crest Tech",customer,7623,17,11,2,Anna Davis
joseph.lee3@company.co,Joseph,Lee,"Crest AI",customer,6164,7,7,2,Sarah Chen
betty.jackson31@outlook.com,Betty,Jackson,"Quad HQ",customer,9421,8,5,0,Lisa Park
joseph.brown41@company.co,Joseph,Brown,"Luna Corp",customer,23560,9,10,2,Sarah Chen
brian.davis47@outlook.com,Brian,Davis,"Flux Group",customer,23821,3,20,4,Sarah Chen
thomas.harris28@proton.me,Thomas,Harris,"Flux Systems",customer,4963,39,3,1,Sarah Chen
margaret.brown22@outlook.com,Margaret,Brown,"Unit AI",customer,4545,71,1,0,Mike Ross
karen.wilson64@outlook.com,Karen,Wilson,"Wave AI",mql,4380,11,3,1,Lisa Park
andrew.lopez15@outlook.com,Andrew,Lopez,"Luna Systems",sql,1084,8,3,1,Anna Davis
susan.moore65@company.co,Susan,Moore,"Mesa Inc",customer,14038,35,7,2,Mike Ross
karen.flores53@gmail.com,Karen,Flores,"Unit Inc",customer,22178,4,12,3,Mike Ross
michelle.robinson98@company.co,Michelle,Robinson,"Kite Group",customer,2130,147,0,0,Mike Ross
kenneth.robinson75@fastmail.com,Kenneth,Robinson,"Crest Corp",mql,1524,10,7,1,Anna Davis
amanda.anderson13@company.co,Amanda,Anderson,"Edge Corp",customer,8115,20,4,1,Sarah Chen
donald.ramirez98@company.co,Donald,Ramirez,"Drift Corp",customer,19113,3,5,3,James Wu
kevin.garcia76@gmail.com,Kevin,Garcia,"Kite Digital",customer,24298,14,6,1,Anna Davis
carol.lee16@gmail.com,Carol,Lee,"Tide Group",customer,9329,4,7,2,Mike Ross
kevin.king57@outlook.com,Kevin,King,"Jade Tech",sql,2468,14,7,1,Lisa Park
mark.garcia91@gmail.com,Mark,Garcia,"Yoke Digital",customer,24179,9,19,3,James Wu
john.jones50@gmail.com,John,Jones,"Opal Inc",opportunity,9501,176,0,0,Sarah Chen
christopher.white30@gmail.com,Christopher,White,"Jade Labs",customer,6519,41,6,2,Mike Ross
richard.miller49@company.co,Richard,Miller,"Bolt Tech",customer,20592,14,17,4,Mike Ross
christopher.lee65@gmail.com,Christopher,Lee,"Volt AI",customer,8434,18,6,3,Mike Ross
elizabeth.wright85@proton.me,Elizabeth,Wright,"Volt Tech",customer,2725,350,0,0,Mike Ross
mark.garcia92@proton.me,Mark,Garcia,"Rift HQ",customer,75595,4,11,6,James Wu
charles.hill10@company.co,Charles,Hill,"Bolt Tech",customer,8065,4,10,2,James Wu
steven.young10@outlook.com,Steven,Young,"Yoke HQ",customer,5239,13,11,3,Mike Ross
betty.thompson78@company.co,Betty,Thompson,"Iron Digital",customer,93187,13,18,3,Anna Davis
andrew.smith84@fastmail.com,Andrew,Smith,"Flux Corp",customer,4928,290,2,0,Anna Davis
linda.martinez87@fastmail.com,Linda,Martinez,"Edge AI",customer,16070,10,7,1,Sarah Chen
kenneth.lee8@outlook.com,Kenneth,Lee,"Bolt Group",customer,27607,3,5,3,James Wu
karen.walker58@fastmail.com,Karen,Walker,"Crest Tech",customer,8345,176,0,0,Mike Ross
deborah.ramirez67@proton.me,Deborah,Ramirez,"Yoke Co",customer,2183,250,0,0,Lisa Park
joshua.moore21@company.co,Joshua,Moore,"Grid HQ",opportunity,7800,238,0,0,Sarah Chen
kimberly.taylor74@outlook.com,Kimberly,Taylor,"Drift Corp",customer,98128,10,13,3,Sarah Chen
brian.johnson78@proton.me,Brian,Johnson,"Nova Inc",mql,3019,7,3,1,James Wu
elizabeth.white36@company.co,Elizabeth,White,"Tide AI",customer,8399,11,11,2,Sarah Chen
andrew.martin61@outlook.com,Andrew,Martin,"Drift Inc",customer,93543,5,9,4,James Wu
deborah.rodriguez69@gmail.com,Deborah,Rodriguez,"Luna Digital",customer,78741,14,10,2,Anna Davis
karen.hernandez56@gmail.com,Karen,Hernandez,"Acme Digital",customer,16282,15,9,2,Anna Davis
linda.gonzalez36@fastmail.com,Linda,Gonzalez,"Sage Systems",customer,13709,16,6,2,James Wu
barbara.scott24@outlook.com,Barbara,Scott,"Quad Co",customer,5256,171,0,0,Lisa Park
anthony.davis93@company.co,Anthony,Davis,"Sage Corp",customer,5978,115,0,0,Lisa Park
jessica.jackson45@outlook.com,Jessica,Jackson,"Opal Group",sql,1734,10,4,2,Lisa Park
kenneth.brown43@proton.me,Kenneth,Brown,"Volt Labs",customer,7729,8,6,3,Sarah Chen
michelle.allen85@gmail.com,Michelle,Allen,"Crest Tech",customer,6568,283,2,0,Mike Ross
charles.thomas34@gmail.com,Charles,Thomas,"Jade Inc",lead,2131,4,10,2,Mike Ross
carol.martin10@outlook.com,Carol,Martin,"Bolt Systems",sql,2027,8,7,3,Sarah Chen
christopher.jackson90@gmail.com,Christopher,Jackson,"Luna Digital",customer,2615,197,0,0,Lisa Park
daniel.anderson12@gmail.com,Daniel,Anderson,"Zinc Co",sql,3280,2,5,1,Lisa Park
richard.garcia41@outlook.com,Richard,Garcia,"Rift Digital",customer,8555,43,8,2,James Wu
kenneth.martin94@fastmail.com,Kenneth,Martin,"Tide Co",customer,5277,20,7,1,Anna Davis
kevin.clark22@company.co,Kevin,Clark,"Unit Group",customer,4020,29,4,2,Sarah Chen
donna.walker98@gmail.com,Donna,Walker,"Unit AI",customer,84516,11,10,3,Sarah Chen
nancy.scott91@gmail.com,Nancy,Scott,"Xero Co",customer,1046,316,0,0,James Wu
christopher.allen19@proton.me,Christopher,Allen,"Acme HQ",customer,2636,144,0,0,Lisa Park
andrew.thompson99@company.co,Andrew,Thompson,"Rift Inc",sql,3438,2,7,1,Lisa Park
amanda.white92@outlook.com,Amanda,White,"Edge Co",customer,13032,22,4,2,James Wu
barbara.flores70@outlook.com,Barbara,Flores,"Jade AI",customer,33137,2,12,4,Sarah Chen
deborah.flores40@proton.me,Deborah,Flores,"Rift HQ",lead,4663,14,5,1,James Wu
nancy.anderson18@outlook.com,Nancy,Anderson,"Volt Labs",customer,15413,15,9,3,Lisa Park
carol.white25@proton.me,Carol,White,"Acme Tech",opportunity,1084,111,2,0,Sarah Chen
daniel.clark77@gmail.com,Daniel,Clark,"Opal Inc",customer,26398,20,10,2,Sarah Chen
linda.perez67@company.co,Linda,Perez,"Flux Labs",customer,11291,26,4,2,Sarah Chen
donna.anderson27@proton.me,Donna,Anderson,"Flux Co",customer,43033,7,14,6,Anna Davis
charles.clark2@proton.me,Charles,Clark,"Nova Co",customer,26037,16,6,2,James Wu
christopher.harris18@gmail.com,Christopher,Harris,"Mesa AI",customer,815,324,0,0,Anna Davis
sandra.lewis18@outlook.com,Sandra,Lewis,"Jade Co",customer,8128,218,1,0,Mike Ross
charles.harris37@company.co,Charles,Harris,"Halo Inc",lead,4304,13,9,3,James Wu
joseph.garcia29@gmail.com,Joseph,Garcia,"Wave Group",sql,4812,3,6,1,Sarah Chen
betty.thompson58@outlook.com,Betty,Thompson,"Wave Tech",customer,17734,15,10,1,Anna Davis
donna.young35@fastmail.com,Donna,Young,"Xero Systems",customer,878,122,0,0,Sarah Chen
jennifer.nguyen10@outlook.com,Jennifer,Nguyen,"Edge Co",customer,26108,8,4,3,Anna Davis
paul.brown5@company.co,Paul,Brown,"Drift Systems",lead,3472,12,6,3,Lisa Park
michael.sanchez75@fastmail.com,Michael,Sanchez,"Flux Tech",customer,2794,256,0,0,Mike Ross
timothy.harris28@outlook.com,Timothy,Harris,"Tide Systems",opportunity,7095,225,2,0,James Wu
mary.moore46@outlook.com,Mary,Moore,"Acme AI",customer,85056,12,11,2,Anna Davis
carol.thomas30@company.co,Carol,Thomas,"Peak Co",mql,3466,0,3,3,Mike Ross
kenneth.allen9@fastmail.com,Kenneth,Allen,"Nova Co",customer,10176,14,4,2,Sarah Chen
deborah.martin42@fastmail.com,Deborah,Martin,"Kite HQ",customer,6740,35,6,2,Sarah Chen
sandra.lee33@proton.me,Sandra,Lee,"Volt Digital",customer,4614,177,0,0,Mike Ross
joshua.young38@proton.me,Joshua,Young,"Rift Digital",customer,2341,312,0,0,Anna Davis
donald.flores94@proton.me,Donald,Flores,"Nova Labs",customer,4367,179,2,0,Lisa Park
amanda.davis83@outlook.com,Amanda,Davis,"Kite AI",customer,37076,1,18,5,James Wu
betty.wilson78@gmail.com,Betty,Wilson,"Kite HQ",customer,6658,42,7,0,James Wu
charles.scott33@outlook.com,Charles,Scott,"Nova Inc",customer,918,154,0,0,Lisa Park
richard.scott21@proton.me,Richard,Scott,"Sage AI",customer,8455,3,6,2,Mike Ross
karen.williams24@company.co,Karen,Williams,"Mesa Group",customer,556,319,0,0,Anna Davis
margaret.wright95@gmail.com,Margaret,Wright,"Sage HQ",customer,4760,20,7,1,Sarah Chen
george.clark78@proton.me,George,Clark,"Zinc Digital",customer,27254,14,10,1,Anna Davis
thomas.rodriguez98@fastmail.com,Thomas,Rodriguez,"Iron Inc",customer,1712,136,0,0,Lisa Park
matthew.hill25@outlook.com,Matthew,Hill,"Iron Inc",customer,2573,291,0,0,James Wu
steven.wilson14@fastmail.com,Steven,Wilson,"Unit Corp",customer,3674,45,3,2,Anna Davis
mary.nguyen87@company.co,Mary,Nguyen,"Zinc Co",customer,9976,39,2,1,Sarah Chen
joshua.ramirez62@outlook.com,Joshua,Ramirez,"Bolt HQ",customer,2336,152,0,0,Sarah Chen
deborah.harris78@outlook.com,Deborah,Harris,"Flux Co",customer,7422,16,7,2,Anna Davis
anthony.martinez77@outlook.com,Anthony,Martinez,"Rift AI",customer,13427,8,10,1,Sarah Chen
andrew.miller11@fastmail.com,Andrew,Miller,"Zinc Corp",customer,1954,219,0,0,Sarah Chen
james.moore66@fastmail.com,James,Moore,"Iron Digital",customer,7712,86,1,0,James Wu
melissa.smith78@outlook.com,Melissa,Smith,"Mesa Labs",customer,14341,19,5,0,Mike Ross
robert.walker26@proton.me,Robert,Walker,"Jade Labs",customer,11751,15,5,2,Anna Davis
dorothy.allen7@proton.me,Dorothy,Allen,"Peak Corp",customer,10962,12,7,0,Anna Davis
joseph.davis86@proton.me,Joseph,Davis,"Xero Inc",customer,3680,105,0,0,Mike Ross
sarah.hernandez15@gmail.com,Sarah,Hernandez,"Volt Co",customer,17758,17,10,1,Lisa Park
dorothy.flores11@fastmail.com,Dorothy,Flores,"Flux Labs",customer,11730,30,5,2,Sarah Chen
robert.lewis36@proton.me,Robert,Lewis,"Flux Tech",customer,81286,2,16,2,Mike Ross
jennifer.allen80@outlook.com,Jennifer,Allen,"Jade Digital",customer,4736,25,5,2,Sarah Chen
dorothy.ramirez66@outlook.com,Dorothy,Ramirez,"Edge Labs",customer,86430,1,20,3,Anna Davis
kevin.scott98@outlook.com,Kevin,Scott,"Volt Tech",customer,39332,8,8,5,Anna Davis
nancy.perez54@company.co,Nancy,Perez,"Peak HQ",sql,3355,2,9,1,Sarah Chen
william.moore46@outlook.com,William,Moore,"Volt AI",customer,2467,27,2,0,Anna Davis
steven.white16@proton.me,Steven,White,"Acme Systems",customer,4087,37,3,0,Sarah Chen
joshua.martin9@company.co,Joshua,Martin,"Yoke Inc",customer,68867,4,8,5,Sarah Chen
christopher.flores78@fastmail.com,Christopher,Flores,"Mesa Digital",customer,5418,27,5,2,Lisa Park
ashley.robinson11@outlook.com,Ashley,Robinson,"Quad Tech",customer,87736,9,8,3,Mike Ross
sandra.garcia38@company.co,Sandra,Garcia,"Luna Co",mql,2512,11,10,1,James Wu
william.sanchez51@gmail.com,William,Sanchez,"Unit Labs",customer,20099,21,10,2,Sarah Chen
elizabeth.moore18@gmail.com,Elizabeth,Moore,"Acme Inc",customer,27637,7,10,1,James Wu
donna.brown31@proton.me,Donna,Brown,"Kite Tech",customer,23793,13,5,2,Mike Ross
timothy.young16@proton.me,Timothy,Young,"Acme HQ",lead,4562,10,8,2,Sarah Chen
jessica.lewis42@gmail.com,Jessica,Lewis,"Tide Labs",opportunity,7886,197,2,0,Sarah Chen
donna.lee82@outlook.com,Donna,Lee,"Crest Labs",customer,58194,6,13,6,Mike Ross
sarah.jackson14@company.co,Sarah,Jackson,"Bolt Group",customer,75764,10,11,6,James Wu
joshua.perez80@gmail.com,Joshua,Perez,"Edge Digital",customer,62780,2,19,3,Lisa Park
william.lopez85@proton.me,William,Lopez,"Wave HQ",customer,43211,3,8,3,Lisa Park
william.king6@outlook.com,William,King,"Nova Labs",customer,5479,197,1,0,James Wu
amanda.thompson19@fastmail.com,Amanda,Thompson,"Luna Inc",sql,4112,1,8,3,James Wu
donald.martin87@company.co,Donald,Martin,"Edge Systems",customer,2776,209,0,0,Mike Ross
dorothy.walker69@company.co,Dorothy,Walker,"Opal Systems",customer,7606,31,4,0,Sarah Chen
james.hernandez79@outlook.com,James,Hernandez,"Quad Inc",customer,66039,1,9,4,James Wu
susan.davis11@company.co,Susan,Davis,"Luna Inc",customer,18148,11,6,3,Anna Davis
thomas.ramirez63@company.co,Thomas,Ramirez,"Unit Systems",lead,3682,10,6,2,Anna Davis
patricia.williams61@company.co,Patricia,Williams,"Halo Co",customer,99248,4,18,5,Mike Ross
melissa.perez14@fastmail.com,Melissa,Perez,"Mesa Corp",customer,11830,42,2,0,James Wu
susan.scott76@proton.me,Susan,Scott,"Yoke AI",mql,4881,0,7,2,Sarah Chen
sarah.brown6@outlook.com,Sarah,Brown,"Jade Co",customer,80272,10,13,5,James Wu
carol.robinson8@gmail.com,Carol,Robinson,"Peak Tech",customer,53229,7,9,6,Lisa Park
andrew.torres32@gmail.com,Andrew,Torres,"Jade Labs",customer,2648,174,0,0,James Wu
mark.scott63@company.co,Mark,Scott,"Peak Inc",lead,3666,0,8,2,Anna Davis
richard.martin89@company.co,Richard,Martin,"Zinc Labs",customer,10809,16,6,2,Mike Ross
mark.jones82@fastmail.com,Mark,Jones,"Acme Corp",lead,3368,8,4,1,Mike Ross
sandra.white17@company.co,Sandra,White,"Zinc Co",customer,6980,39,5,0,Sarah Chen
anthony.wright77@proton.me,Anthony,Wright,"Zinc Inc",customer,27088,5,4,1,James Wu
lisa.harris75@proton.me,Lisa,Harris,"Quad Labs",opportunity,6556,86,1,0,Lisa Park
steven.lee60@company.co,Steven,Lee,"Iron Digital",opportunity,5354,130,0,0,Anna Davis
susan.sanchez57@fastmail.com,Susan,Sanchez,"Mesa Tech",customer,516,94,0,0,James Wu
matthew.jones35@fastmail.com,Matthew,Jones,"Bolt Group",sql,986,13,7,1,Lisa Park
george.lee78@outlook.com,George,Lee,"Volt AI",customer,29048,21,9,2,Mike Ross
susan.ramirez83@fastmail.com,Susan,Ramirez,"Flux Tech",customer,6288,42,7,1,Lisa Park
dorothy.white6@fastmail.com,Dorothy,White,"Crest Labs",customer,7434,24,6,0,Anna Davis
brian.king22@fastmail.com,Brian,King,"Drift Systems",customer,47696,8,15,4,Anna Davis
sarah.taylor42@outlook.com,Sarah,Taylor,"Acme AI",customer,7425,14,4,0,Mike Ross
amanda.taylor72@company.co,Amanda,Taylor,"Unit Corp",customer,12844,35,4,2,Sarah Chen
brian.white71@company.co,Brian,White,"Peak Labs",customer,17753,16,9,2,Lisa Park
christopher.moore54@proton.me,Christopher,Moore,"Quad Inc",customer,5455,34,7,0,James Wu
patricia.flores65@fastmail.com,Patricia,Flores,"Bolt Group",sql,4488,1,10,1,Sarah Chen
patricia.torres51@fastmail.com,Patricia,Torres,"Grid Systems",customer,21451,11,6,2,James Wu
george.moore65@outlook.com,George,Moore,"Mesa Tech",customer,9991,12,8,1,Anna Davis
christopher.gonzalez42@company.co,Christopher,Gonzalez,"Flux Systems",customer,3152,7,7,1,Anna Davis
joseph.walker70@company.co,Joseph,Walker,"Jade Group",customer,2636,21,7,1,Lisa Park
barbara.robinson28@company.co,Barbara,Robinson,"Rift Corp",customer,1009,296,0,0,Lisa Park
sandra.thompson65@outlook.com,Sandra,Thompson,"Xero Corp",customer,3276,42,5,0,Mike Ross
charles.young9@gmail.com,Charles,Young,"Wave Group",customer,500,105,0,0,Anna Davis
michelle.gonzalez26@gmail.com,Michelle,Gonzalez,"Grid Tech",customer,13097,7,4,2,Sarah Chen
sarah.jones90@outlook.com,Sarah,Jones,"Acme Group",sql,4093,7,10,2,Sarah Chen
daniel.perez80@outlook.com,Daniel,Perez,"Halo Corp",customer,20999,20,7,1,Anna Davis
betty.allen48@gmail.com,Betty,Allen,"Iron Inc",sql,3032,0,6,3,Sarah Chen
kimberly.sanchez28@gmail.com,Kimberly,Sanchez,"Acme Corp",opportunity,4214,159,0,0,Lisa Park
margaret.moore73@proton.me,Margaret,Moore,"Flux Systems",customer,96769,2,14,2,Anna Davis
betty.white68@gmail.com,Betty,White,"Sage Digital",customer,96379,5,16,5,Sarah Chen
michael.sanchez13@gmail.com,Michael,Sanchez,"Acme HQ",customer,1084,337,0,0,Lisa Park
ashley.walker64@gmail.com,Ashley,Walker,"Yoke Tech",customer,12791,23,7,0,James Wu
timothy.wright59@outlook.com,Timothy,Wright,"Quad Inc",customer,26175,19,6,2,Mike Ross
robert.jones85@proton.me,Robert,Jones,"Jade Inc",customer,17374,6,8,2,Lisa Park
karen.young78@outlook.com,Karen,Young,"Drift Digital",customer,27551,4,5,2,Anna Davis
robert.williams62@proton.me,Robert,Williams,"Acme Systems",customer,93593,14,10,6,Sarah Chen
sarah.young57@outlook.com,Sarah,Young,"Wave Co",customer,10872,30,8,2,Sarah Chen
joshua.king66@company.co,Joshua,King,"Peak AI",customer,2040,191,0,0,James Wu
linda.allen51@gmail.com,Linda,Allen,"Crest Group",customer,2517,273,0,0,James Wu
steven.hill84@outlook.com,Steven,Hill,"Crest Digital",customer,1767,132,0,0,Mike Ross
deborah.rodriguez51@fastmail.com,Deborah,Rodriguez,"Flux Digital",customer,8524,28,6,2,Lisa Park
donald.clark46@gmail.com,Donald,Clark,"Flux HQ",customer,14347,16,6,1,Anna Davis
dorothy.clark31@company.co,Dorothy,Clark,"Volt Inc",customer,13403,19,7,1,Sarah Chen
david.lopez72@gmail.com,David,Lopez,"Grid Inc",sql,4069,13,8,2,Mike Ross
kenneth.young71@company.co,Kenneth,Young,"Yoke Corp",customer,3669,213,0,0,Mike Ross
david.johnson57@company.co,David,Johnson,"Peak Co",customer,8633,70,2,0,James Wu
amanda.lee22@fastmail.com,Amanda,Lee,"Zinc Corp",customer,7910,14,6,2,Anna Davis
melissa.nguyen77@fastmail.com,Melissa,Nguyen,"Rift Co",customer,7573,20,4,2,Sarah Chen
richard.lopez45@outlook.com,Richard,Lopez,"Volt Digital",customer,13853,21,6,1,Anna Davis
david.sanchez23@gmail.com,David,Sanchez,"Drift HQ",customer,13462,21,10,1,Sarah Chen
charles.thompson51@company.co,Charles,Thompson,"Drift Tech",customer,556,325,0,0,Anna Davis
karen.king74@company.co,Karen,King,"Nova Systems",customer,2979,112,1,0,Lisa Park
kevin.anderson95@outlook.com,Kevin,Anderson,"Zinc Tech",customer,513,190,0,0,James Wu
sarah.smith38@gmail.com,Sarah,Smith,"Crest Inc",customer,68387,8,11,5,Sarah Chen
mary.lee47@proton.me,Mary,Lee,"Iron Tech",customer,10415,42,8,0,Sarah Chen
james.allen32@proton.me,James,Allen,"Halo Co",lead,998,8,9,1,Mike Ross
james.walker69@proton.me,James,Walker,"Drift Co",customer,1081,262,0,0,Lisa Park
michelle.brown22@fastmail.com,Michelle,Brown,"Bolt Labs",customer,20261,5,11,3,James Wu
joshua.davis15@proton.me,Joshua,Davis,"Wave AI",customer,2863,30,6,1,Mike Ross
sandra.martin73@proton.me,Sandra,Martin,"Crest Labs",opportunity,7517,194,1,0,James Wu
brian.ramirez81@gmail.com,Brian,Ramirez,"Wave Corp",customer,11209,7,7,3,Anna Davis
betty.anderson33@outlook.com,Betty,Anderson,"Tide Digital",customer,2469,361,0,0,Anna Davis
donna.rodriguez48@gmail.com,Donna,Rodriguez,"Zinc Group",customer,17054,21,5,3,Anna Davis
elizabeth.hill63@company.co,Elizabeth,Hill,"Acme Co",customer,38834,12,20,2,Mike Ross
kevin.brown73@company.co,Kevin,Brown,"Opal Co",customer,22525,18,7,2,Anna Davis
john.sanchez54@company.co,John,Sanchez,"Mesa HQ",customer,47728,4,9,5,Sarah Chen
ashley.williams45@proton.me,Ashley,Williams,"Opal Digital",customer,2565,316,0,0,Anna Davis
deborah.martin15@company.co,Deborah,Martin,"Quad Labs",customer,2121,297,0,0,Sarah Chen
sandra.hill73@fastmail.com,Sandra,Hill,"Grid Group",customer,2225,315,0,0,Anna Davis
kenneth.johnson86@proton.me,Kenneth,Johnson,"Unit Inc",customer,10696,41,5,1,Mike Ross
sandra.flores9@company.co,Sandra,Flores,"Unit Systems",customer,17125,13,6,2,James Wu
sandra.wilson72@proton.me,Sandra,Wilson,"Opal HQ",customer,1959,340,0,0,Anna Davis
amanda.thomas10@outlook.com,Amanda,Thomas,"Kite Group",customer,17957,16,6,3,Sarah Chen
matthew.thomas22@company.co,Matthew,Thomas,"Edge Corp",customer,8097,15,9,2,Sarah Chen
joseph.white9@proton.me,Joseph,White,"Yoke Corp",customer,14233,13,8,3,James Wu
mark.perez76@gmail.com,Mark,Perez,"Rift Corp",customer,2590,13,3,0,Sarah Chen
kevin.wright97@fastmail.com,Kevin,Wright,"Rift Digital",customer,15111,19,8,2,Sarah Chen
jennifer.perez3@outlook.com,Jennifer,Perez,"Opal Group",customer,1090,178,0,0,Anna Davis
timothy.hernandez1@proton.me,Timothy,Hernandez,"Peak HQ",opportunity,6532,105,0,0,Anna Davis
michael.hernandez51@proton.me,Michael,Hernandez,"Peak Labs",customer,20896,11,4,2,James Wu
robert.hill6@proton.me,Robert,Hill,"Halo Tech",customer,21308,3,12,3,Anna Davis
jessica.lewis7@fastmail.com,Jessica,Lewis,"Nova Corp",customer,1979,270,0,0,James Wu
matthew.young24@outlook.com,Matthew,Young,"Peak Corp",customer,4146,38,3,0,Sarah Chen
donald.moore45@fastmail.com,Donald,Moore,"Xero Group",customer,4659,19,8,1,Anna Davis
steven.wilson4@fastmail.com,Steven,Wilson,"Quad Tech",customer,8600,19,4,0,Mike Ross
amanda.wilson1@proton.me,Amanda,Wilson,"Sage Tech",customer,5862,36,3,0,Lisa Park
betty.allen93@fastmail.com,Betty,Allen,"Drift AI",opportunity,8192,147,1,0,Anna Davis
thomas.williams9@proton.me,Thomas,Williams,"Tide Co",customer,22086,13,10,1,Lisa Park
jennifer.rodriguez18@company.co,Jennifer,Rodriguez,"Mesa Tech",customer,21777,19,8,2,Lisa Park
barbara.scott89@outlook.com,Barbara,Scott,"Opal Digital",customer,28324,8,10,3,Lisa Park
margaret.walker58@proton.me,Margaret,Walker,"Wave Labs",customer,65032,10,9,3,Lisa Park
carol.martin65@fastmail.com,Carol,Martin,"Sage Inc",customer,9450,24,3,2,Mike Ross
daniel.king60@fastmail.com,Daniel,King,"Flux Tech",customer,63144,13,9,3,James Wu
sandra.taylor56@outlook.com,Sandra,Taylor,"Edge Co",customer,4461,43,3,0,Anna Davis
michelle.taylor5@proton.me,Michelle,Taylor,"Drift Corp",customer,42885,11,11,2,Lisa Park
betty.anderson19@fastmail.com,Betty,Anderson,"Zinc Co",customer,2502,213,0,0,Sarah Chen
